{"labels": ["Omega", "Sigma", "Lambda", "mu", "Phi", "Tau", "Delta", "Psi", "rho"], "glyphs": ["\u03a9", "\u03a3", "\u039b", "\u03bc", "\u03a6", "\u03a4", "\u0394", "\u03a8", "\u03c1"], "coords": [[-14.928601264953613, -0.8742485046386719], [-13.549266815185547, 1.3093206882476807], [-15.320858001708984, 0.7267196178436279], [-13.582898139953613, -0.42220714688301086], [-14.120501518249512, -1.3703985214233398], [-13.054190635681152, 0.39220255613327026], [-14.705408096313477, 1.4844517707824707], [-14.948335647583008, -0.047279540449380875], [-12.7826566696167, -0.9520210027694702]], "heatmap": [[0.0, 29.0, 3.0, 2.0, 3.0, 3.0, 3.0, 1.0, 1.0], [29.0, 0.0, 20.0, 18.0, 29.0, 3.0, 3.0, 5.0, 2.0], [3.0, 20.0, 0.0, 16.0, 5.0, 14.0, 3.0, 1.0, 2.0], [2.0, 18.0, 16.0, 0.0, 5.0, 3.0, 13.0, 1.0, 1.0], [3.0, 29.0, 5.0, 5.0, 0.0, 4.0, 4.0, 1.0, 0.0], [3.0, 3.0, 14.0, 3.0, 4.0, 0.0, 14.0, 1.0, 0.0], [3.0, 3.0, 3.0, 13.0, 4.0, 14.0, 0.0, 1.0, 0.0], [1.0, 5.0, 1.0, 1.0, 1.0, 1.0, 1.0, 0.0, 2.0], [1.0, 2.0, 2.0, 1.0, 0.0, 0.0, 0.0, 2.0, 0.0]], "method": "UMAP"}